<?xml version="1.0" encoding="UTF-8"?>
<!--
/*
###############################################################################
# If you use PhysiCell in your project, please cite PhysiCell and the version #
# number, such as below:                                                      #
#                                                                             #
# We implemented and solved the model using PhysiCell (Version x.y.z) [1].    #
#                                                                             #
# [1] A Ghaffarizadeh, R Heiland, SH Friedman, SM Mumenthaler, and P Macklin, #
#     PhysiCell: an Open Source Physics-Based Cell Simulator for Multicellu-  #
#     lar Systems, PLoS Comput. Biol. 14(2): e1005991, 2018                   #
#     DOI: 10.1371/journal.pcbi.1005991                                       #
#                                                                             #
# See VERSION.txt or call get_PhysiCell_version() to get the current version  #
#     x.y.z. Call display_citations() to get detailed information on all cite-#
#     able software used in your PhysiCell application.                       #
#                                                                             #
# Because PhysiCell extensively uses BioFVM, we suggest you also cite BioFVM  #
#     as below:                                                               #
#                                                                             #
# We implemented and solved the model using PhysiCell (Version x.y.z) [1],    #
# with BioFVM [2] to solve the transport equations.                           #
#                                                                             #
# [1] A Ghaffarizadeh, R Heiland, SH Friedman, SM Mumenthaler, and P Macklin, #
#     PhysiCell: an Open Source Physics-Based Cell Simulator for Multicellu-  #
#     lar Systems, PLoS Comput. Biol. 14(2): e1005991, 2018                   #
#     DOI: 10.1371/journal.pcbi.1005991                                       #
#                                                                             #
# [2] A Ghaffarizadeh, SH Friedman, and P Macklin, BioFVM: an efficient para- #
#     llelized diffusive transport solver for 3-D biological simulations,     #
#     Bioinformatics 32(8): 1256-8, 2016. DOI: 10.1093/bioinformatics/btv730  #
#                                                                             #
###############################################################################
#                                                                             #
# BSD 3-Clause License (see https://opensource.org/licenses/BSD-3-Clause)     #
#                                                                             #
# Copyright (c) 2015-2018, Paul Macklin and the PhysiCell Project             #
# All rights reserved.                                                        #
#                                                                             #
# Redistribution and use in source and binary forms, with or without          #
# modification, are permitted provided that the following conditions are met: #
#                                                                             #
# 1. Redistributions of source code must retain the above copyright notice,   #
# this list of conditions and the following disclaimer.                       #
#                                                                             #
# 2. Redistributions in binary form must reproduce the above copyright        #
# notice, this list of conditions and the following disclaimer in the         #
# documentation and/or other materials provided with the distribution.        #
#                                                                             #
# 3. Neither the name of the copyright holder nor the names of its            #
# contributors may be used to endorse or promote products derived from this   #
# software without specific prior written permission.                         #
#                                                                             #
# THIS SOFTWARE IS PROVIDED BY THE COPYRIGHT HOLDERS AND CONTRIBUTORS "AS IS" #
# AND ANY EXPRESS OR IMPLIED WARRANTIES, INCLUDING, BUT NOT LIMITED TO, THE   #
# IMPLIED WARRANTIES OF MERCHANTABILITY AND FITNESS FOR A PARTICULAR PURPOSE  #
# ARE DISCLAIMED. IN NO EVENT SHALL THE COPYRIGHT HOLDER OR CONTRIBUTORS BE   #
# LIABLE FOR ANY DIRECT, INDIRECT, INCIDENTAL, SPECIAL, EXEMPLARY, OR         #
# CONSEQUENTIAL DAMAGES (INCLUDING, BUT NOT LIMITED TO, PROCUREMENT OF        #
# SUBSTITUTE GOODS OR SERVICES; LOSS OF USE, DATA, OR PROFITS; OR BUSINESS    #
# INTERRUPTION) HOWEVER CAUSED AND ON ANY THEORY OF LIABILITY, WHETHER IN     #
# CONTRACT, STRICT LIABILITY, OR TORT (INCLUDING NEGLIGENCE OR OTHERWISE)     #
# ARISING IN ANY WAY OUT OF THE USE OF THIS SOFTWARE, EVEN IF ADVISED OF THE  #
# POSSIBILITY OF SUCH DAMAGE.                                                 #
#                                                                             #
###############################################################################
*/
--> 

<!--
<user_details />
-->

<PhysiCell_settings version="devel-version">
	<domain>
		<x_min>-750</x_min>
		<x_max>750</x_max>
		<y_min>-750</y_min>
		<y_max>750</y_max>
		<z_min>-750</z_min>
		<z_max>750</z_max>
		<dx>20</dx>
		<dy>20</dy>
		<dz>20</dz>
		<use_2D>false</use_2D>
	</domain>
	
	<!-- [-750,750]^3 --> 
	
	<overall>
		<max_time units="min">30240</max_time> <!-- 21 days * 24 h * 60 min -->
		<time_units>min</time_units>
		<space_units>micron</space_units>
	
		<dt_diffusion units="min">0.01</dt_diffusion>
		<dt_mechanics units="min">0.1</dt_mechanics>
		<dt_phenotype units="min">6</dt_phenotype>	
	</overall>
	
	<parallel>
		<omp_num_threads>12</omp_num_threads>
	</parallel> 
	
	<save>
		<folder>output</folder> <!-- use . for root --> 

		<full_data>
			<interval units="min">60</interval>
			<enable>true</enable>
		</full_data>
		
		<SVG>
			<interval units="min">60</interval>
			<enable>true</enable>
		</SVG>
		
		<legacy_data>
			<enable>false</enable>
		</legacy_data>
	</save>
	
	<options>
		<legacy_random_points_on_sphere_in_divide>false</legacy_random_points_on_sphere_in_divide>
		<virtual_wall_at_domain_edge>true</virtual_wall_at_domain_edge>
	</options>	

	<microenvironment_setup>
		<variable name="oxygen" units="mmHg" ID="0">
			<physical_parameter_set>
				<diffusion_coefficient units="micron^2/min">100000</diffusion_coefficient>
				<decay_rate units="1/min">0.1</decay_rate>  
			</physical_parameter_set>
			<initial_condition units="mmHg">38</initial_condition>
			<Dirichlet_boundary_condition units="mmHg" enabled="true">38</Dirichlet_boundary_condition>
		</variable>
		
		<variable name="immunostimulatory factor" units="dimensionless" ID="1">
			<physical_parameter_set>
				<diffusion_coefficient units="micron^2/min">1000</diffusion_coefficient>
				<decay_rate units="1/min">0.016</decay_rate>  
			</physical_parameter_set>
			<initial_condition units="dimensionless">0</initial_condition>
			<Dirichlet_boundary_condition units="dimensionless" enabled="false">0</Dirichlet_boundary_condition>
		</variable>		
	
		<options>
			<calculate_gradients>true</calculate_gradients>
			<track_internalized_substrates_in_each_agent>false</track_internalized_substrates_in_each_agent>
			<!-- not yet supported --> 
			<initial_condition type="matlab" enabled="false">
				<filename>./config/initial.mat</filename>
			</initial_condition>
			<!-- not yet supported --> 
			<dirichlet_nodes type="matlab" enabled="false">
				<filename>./config/dirichlet.mat</filename>
			</dirichlet_nodes>
		</options>
	</microenvironment_setup>		

	<cell_definitions>
		<cell_definition name="cancer cell" ID="0">
			<phenotype>
				<cycle code="5" name="live">  
					<!-- using higher than normal significant digits to match divisions in default code -->
					<!-- use phase_transition_rates OR phase_durations -->
					<phase_transition_rates units="1/min"> 
						<rate start_index="0" end_index="0" fixed_duration="false">0.00072</rate>
					</phase_transition_rates>
					
					<!-- use phase_transition_rates OR phase_durations -->
				</cycle>
				
				<death>  
					<model code="100" name="apoptosis"> 
						<death_rate units="1/min">0</death_rate>
						<!-- use phase_transition_rates OR phase_durations -->
						<!--
						<phase_transition_rates units="1/min">
							<rate start_index="0" end_index="1" fixed_duration="true">0.00193798</rate>
						</phase_transition_rates>
						-->
						<phase_durations units="min">
							<duration index="0" fixed_duration="true">516</duration>
						</phase_durations>
						<parameters>
							<unlysed_fluid_change_rate units="1/min">0.05</unlysed_fluid_change_rate>
							<lysed_fluid_change_rate units="1/min">0</lysed_fluid_change_rate>
							<cytoplasmic_biomass_change_rate units="1/min">1.66667e-02</cytoplasmic_biomass_change_rate>
							<nuclear_biomass_change_rate units="1/min">5.83333e-03</nuclear_biomass_change_rate>
							<calcification_rate units="1/min">0</calcification_rate>
							<relative_rupture_volume units="dimensionless">2.0</relative_rupture_volume>
						</parameters>
					</model> 

					<model code="101" name="necrosis">
						<death_rate units="1/min">0.0</death_rate>
						<!-- use phase_transition_rates OR phase_durations -->
						<!-- necrosis uses phase_duration[0] = 0 so that it always immediately
							 tries to transition and instead checks volume against the rupture
							 volume --> 
<!--						
						<phase_transition_rates units="1/min">
							<rate start_index="0" end_index="1" fixed_duration="false">9e9</rate>
							<rate start_index="1" end_index="2" fixed_duration="true">1.15741e-5</rate>
						</phase_transition_rates>
-->						
						<phase_durations units="min">
							<duration index="0" fixed_duration="true">0</duration>
							<duration index="1" fixed_duration="true">86400</duration>
						</phase_durations>
						
						<parameters>
							<unlysed_fluid_change_rate units="1/min">0.05</unlysed_fluid_change_rate>
							<lysed_fluid_change_rate units="1/min">0</lysed_fluid_change_rate>
							<cytoplasmic_biomass_change_rate units="1/min">1.66667e-02</cytoplasmic_biomass_change_rate>
							<nuclear_biomass_change_rate units="1/min">5.83333e-03</nuclear_biomass_change_rate>
							<calcification_rate units="1/min">0</calcification_rate>
							<relative_rupture_volume units="dimensionless">2.0</relative_rupture_volume>
						</parameters>
					</model> 
				</death>					

				<volume>  
					<total units="micron^3">2494</total>
					<fluid_fraction units="dimensionless">0.75</fluid_fraction>
					<nuclear units="micron^3">540</nuclear>
					
					<fluid_change_rate units="1/min">0.05</fluid_change_rate>
					<cytoplasmic_biomass_change_rate units="1/min">0.0045</cytoplasmic_biomass_change_rate>
					<nuclear_biomass_change_rate units="1/min">0.0055</nuclear_biomass_change_rate>
					
					<calcified_fraction units="dimensionless">0</calcified_fraction>
					<calcification_rate units="1/min">0</calcification_rate>
					
					<relative_rupture_volume units="dimensionless">2.0</relative_rupture_volume>
				</volume> 				
				
				<mechanics> 
					<cell_cell_adhesion_strength units="micron/min">0</cell_cell_adhesion_strength>
					<cell_cell_repulsion_strength units="micron/min">10.0</cell_cell_repulsion_strength>
					<relative_maximum_adhesion_distance units="dimensionless">1.25</relative_maximum_adhesion_distance>
					
					<options>
						<set_relative_equilibrium_distance enabled="false" units="dimensionless">1.8</set_relative_equilibrium_distance>
						<set_absolute_equilibrium_distance enabled="false" units="micron">15.12</set_absolute_equilibrium_distance>
					</options>
				</mechanics>
				
				<motility>  
					<speed units="micron/min">0.25</speed>
					<persistence_time units="min">5</persistence_time>
					<migration_bias units="dimensionless">0.5</migration_bias>
					
					<options>
						<enabled>false</enabled>
						<use_2D>false</use_2D>
						<chemotaxis>
							<enabled>false</enabled>
							<substrate>immunostimulatory factor</substrate>
							<direction>1</direction>
						</chemotaxis>
					</options>
				</motility>
				
				<secretion>
					<substrate name="oxygen">
						<secretion_rate units="1/min">0</secretion_rate>
						<secretion_target units="substrate density">38</secretion_target>
						<uptake_rate units="1/min">10</uptake_rate>
						<net_export_rate units="total substrate/min">0</net_export_rate> 
					</substrate> 

					<substrate name="immunostimulatory factor">
						<secretion_rate units="1/min">0</secretion_rate>
						<secretion_target units="substrate density">1</secretion_target>
						<uptake_rate units="1/min">0</uptake_rate>
						<net_export_rate units="total substrate/min">0</net_export_rate> 
					</substrate> 
				</secretion>

				<molecular />
			</phenotype>
			<custom_data>  
				<oncoprotein units="dimensionless">1.0</oncoprotein>
				<elastic_coefficient units="1/min">0.01</elastic_coefficient>
				<kill_rate units="1/min">0.06667</kill_rate>
				<attachment_lifetime units="min">60</attachment_lifetime>
				<attachment_rate units="1/min">0.2</attachment_rate>
				<oncoprotein_saturation units="dimensionless">2.0</oncoprotein_saturation>
				<oncoprotein_threshold units="dimensionless">0.5</oncoprotein_threshold>
				
				<max_attachment_distance units="micron">18.0</max_attachment_distance>
				<min_attachment_distance units="micron">14.0</min_attachment_distance>
			</custom_data>
		</cell_definition>

		<cell_definition name="immune cell" ID="1" parent_type="cancer cell">
			<phenotype>
				<cycle code="5" name="live">  
					<phase_transition_rates units="1/min"> 
						<rate start_index="0" end_index="0" fixed_duration="false">0.0</rate>
					</phase_transition_rates>
				</cycle>
				
				<motility>  
					<speed units="micron/min">1</speed>
					<persistence_time units="min">10</persistence_time>
					<migration_bias units="dimensionless">0.5</migration_bias>
					
					<options>
						<enabled>true</enabled>
						<use_2D>false</use_2D>
						<chemotaxis>
							<enabled>false</enabled>
							<substrate>immunostimulatory factor</substrate>
							<direction>1</direction>
						</chemotaxis>
					</options>
				</motility>				
				
			</phenotype> 
			<custom_data>
				<oncoprotein units="dimensionless">0</oncoprotein>
			</custom_data>
		</cell_definition> 
	</cell_definitions>
	
	<user_parameters>
		<random_seed type="int" units="dimensionless">0</random_seed> 

		<!-- main --> 
		<immune_activation_time type="double" units="min">20160</immune_activation_time> <!--20160 -->
			<!-- activate in 7 days --> 
		<save_interval_after_therapy_start type="double" units="min">15.0</save_interval_after_therapy_start>
		<SVG_interval_after_therapy_start type="double" units="min">3.0</SVG_interval_after_therapy_start>
		
		<!-- immune cell properties --> 
		<immune_o2_relative_uptake type="double" units="dimensionless">0.1</immune_o2_relative_uptake>
		<immune_relative_adhesion type="double" units="dimensionless">0</immune_relative_adhesion>
		<immune_relative_repulsion type="double" units="dimensionless">5</immune_relative_repulsion> 	

		<!-- immune seeding parameters --> 
		
		<number_of_immune_cells type="int" units="dimensionless">7500</number_of_immune_cells> 
		<initial_min_immune_distance_from_tumor type="double" units="micron">30</initial_min_immune_distance_from_tumor> <!-- 30 --> 
		<thickness_of_immune_seeding_region type="double" units="micron">75</thickness_of_immune_seeding_region>
		
		<!-- tissue setup -->
		<tumor_radius type="double" units="micron">250</tumor_radius>
		<tumor_mean_immunogenicity type="double" units="dimensionless">1.0</tumor_mean_immunogenicity>
		<tumor_immunogenicity_standard_deviation type="double" units="dimensionless">0.25</tumor_immunogenicity_standard_deviation>
		
		

		
	</user_parameters>
	
</PhysiCell_settings>
